<?xml version="1.0" encoding="UTF-8"?>
<project version="4">
  <component name="AutoImportSettings">
    <option name="autoReloadType" value="SELECTIVE" />
  </component>
  <component name="ChangeListManager">
    <list default="true" id="f6d0af3a-5b47-4aa8-8ad8-5e77c0d10f6f" name="Changes" comment="" />
    <option name="SHOW_DIALOG" value="false" />
    <option name="HIGHLIGHT_CONFLICTS" value="true" />
    <option name="HIGHLIGHT_NON_ACTIVE_CHANGELIST" value="false" />
    <option name="LAST_RESOLUTION" value="IGNORE" />
  </component>
  <component name="FileTemplateManagerImpl">
    <option name="RECENT_TEMPLATES">
      <list>
        <option value="HTML File" />
      </list>
    </option>
  </component>
  <component name="MarkdownSettingsMigration">
    <option name="stateVersion" value="1" />
  </component>
  <component name="ProjectId" id="2TqX5y6N1p6Tnkz1sljaUvX3wt3" />
  <component name="ProjectViewState">
    <option name="hideEmptyMiddlePackages" value="true" />
    <option name="showLibraryContents" value="true" />
  </component>
  <component name="PropertiesComponent"><![CDATA[{
  "keyToString": {
    "DefaultHtmlFileTemplate": "HTML File",
    "RunOnceActivity.OpenProjectViewOnStart": "true",
    "RunOnceActivity.ShowReadmeOnStart": "true",
    "WebServerToolWindowFactoryState": "false",
    "last_opened_file_path": "C:/Users/Sibusiso/Documents/Rosebank College/WEDE5020/POE/Smart Home Solution"
  }
}]]></component>
  <component name="SpellCheckerSettings" RuntimeDictionaries="0" Folders="0" CustomDictionaries="0" DefaultDictionary="application-level" UseSingleDictionary="true" transferred="true" />
  <component name="TaskManager">
    <task active="true" id="Default" summary="Default task">
      <changelist id="f6d0af3a-5b47-4aa8-8ad8-5e77c0d10f6f" name="Changes" comment="" />
      <created>1691771409697</created>
      <option name="number" value="Default" />
      <option name="presentableId" value="Default" />
      <updated>1691771409697</updated>
      <workItem from="1693921461013" duration="35000" />
    </task>
    <servers />
  </component>
</project>